ID,Sentiment,Tweet
12,Neutral,"Rock-Hard La Varlope, RARE & POWERFUL, HANDSOME JACKPOT, Borderlands 3 (Xbox) dlvr.it/RMTrgF  "
13,Neutral,"Rock-Hard La Varlope, RARE & POWERFUL, HANDSOME JACKPOT, Borderlands 3 (Xbox) dlvr.it / RMTrgF"
14,Neutral,"Rock-Hard La Varlope, RARE & POWERFUL, HANDSOME JACKPOT, Borderlands 3 (Xbox) dfr.it / RMTrgF"
15,Neutral,"Rock-Hard La Vita, RARE BUT POWERFUL, HANDSOME JACKPOT, Borderlands 1 (Xbox) dlvr.it/RMTrgF"
16,Neutral,"Live Rock - Hard music La la Varlope, RARE & the POWERFUL, Live HANDSOME i JACKPOT, Borderlands 3 ( Sega Xbox ) dlvr. From it / e RMTrgF"
17,Neutral,"I-Hard like me, RARE LONDON DE, HANDSOME 2011, Borderlands 3 (Xbox) dlvr.it/RMTrgF"
42,Neutral,Check out this epic streamer!.  
43,Neutral,Check out this epic streamer!.
44,Neutral,Watch this epic striptease!.
45,Neutral,Check out our epic streamer!.
46,Neutral,Check out this big epic streamer!.
47,Neutral,Check<unk> this epic streamer!.
48,Neutral,Blaming Sight for Tardiness! A little bit of borderlands. I got called in early for work tomorrow so I can't make up time. Sorry my loves .  twitch.tv/punnisenpai
49,Neutral,"A bit of borderland. I was called to work tomorrow morning, so I can't catch up. Sorry, my love. twitch.tv / punnisenpai"
50,Neutral,"Guilty of sobriety! A bit of a borderline. I was called to work early tomorrow, so I can't catch up."
51,Neutral,Blaming Sight for Tardiness! A little bit of borderlands. I got called in early for work tomorrow so I can't make up time. Sorry my loves .  twitch.tv/punnisenpai
52,Neutral,for Blaming Sight for Tardiness! A little bit of borderlands. I got called in early for work tomorrow so I can't make up time. Sorry my loves .  twitch.tv/punnisenpai
53,Neutral,all
60,Neutral, . . [  
62,Neutral,.. [
63,Neutral,.. 45
64,Neutral,.. [
65,Neutral,.. what
78,Neutral,"One of our own @ProfZeroo is live w/ @borderlands 3‼.  .  . . Catch him here: buff.ly/2WmmiP5 . . Say ""Streamer Shouts"" in chat for a chance to be in a coming. @streamer_shouts Shout Out. . .  "
79,Neutral,"One of our own @ ProfZeroo is live w / @ borderlands 3.... catch him here: buff.ly / 2WmmiP5.. Say ""Streamer Shouts"" in chat for a chance to be in an upcoming one. @ streamer _ shouts Shout Out..."
80,Neutral,"One of our own @ ProfZero - live w / @ borderlands 3.... Catch him here: buff.ly / 2WmmiP5... Say ""Stream Shouts"" in chat for a chat for a chance to be in a coming. @ stream _ Shouts Shout Out...."
81,Neutral,"One of our own @ProfZeroo is live >/ @borderlands 3‼. . !. Catch him here: buff.ly/2WmmiP5 p. Say some Shouts"" in chat – a chance to be in a coming. Also Shout Out..."
82,Neutral,"One of our shows own @ProfZeroo is live via w / at @borderlands 3 and [UNK].... Catch him here : the buff. ly / to 2WmmiP5.. to Say "" Streamer Shouts "" in chat for a chance to officially be in a series coming. @streamer_shouts 1 Shout Out..."
83,Neutral,"One of its own movies is live w/ @ProfZeroo 3!!.... Catch him from: buff.ly/2WmmiP5.. for ""Streamer Shouts"" in invitation or a chance to be out a coming. All 3 invites..."
90,Neutral,I hate that this easy mayhem modifier event on mayhem won’t last forever. this is the most fun i’ve had in the game since they added them horrible modifiers. @Borderlands please give me the option to play mayhem 10 but turn the modifiers off PLS
91,Neutral,I hate that this simple Chaos Modifier event on Chaos won't last forever. That's the most fun I've had in the game since they added terrible modifiers. @ Borderlands please give me the option to play Chaos 10 but turn off the modifiers.
92,Neutral,I hate that this easy mayhem modifier event on mayhem won't last forever. this is the most fun i've had in the game since they added them horrible modifiers. @ Borderlands please give me the option to play mayhem 10 but turn the modifiers off PLS
93,Neutral,I hate saying this easy day 9 event on mayhem won’t last forever. this is the most fun i’ve had in the game since they added them horrible modifiers. @Borderlands please give me some ability to play mayhem 10 but turn the modifiers off PLS
94,Neutral,I hate thinking that this easy mayhem modifier event on total mayhem won ’ t last forever. this is the absolutely most ridiculous fun experience i ’ ve had in the game almost since... they added them horrible modifiers. @Borderlands please do give me the option option to a play mayhem 10 but turn the modifiers off PLS
95,Neutral,I hate that this easy horrible modifier event on game 10 last forever. That is the best fun i’ve taken in the past until they added them horrible modifiers. @Borderlands please send me the option to play mayhem 10 but turn the modifiers for PLS
162,Neutral,"Already loving Bleeding Edge... what a clever game! Cross between Overwatch, Borderlands and Domination game mode. Cool as!. .  "
163,Neutral,"I love Bleeding Edge... what a clever game! Crossroads of Overwatch, Borderlands and Domination game mode. Cool as!.."
164,Neutral,"Cross between Overwatch, Borderlands and Domination game mode. Cool as!."
165,Neutral,"Already loving Bleeding Edge... what a fun game! Cross between Overwatch, Borderlands and Xbox game mode. Cool as!.."
166,Neutral,"Already also loving the Bleeding Edge... what is a clever game! Cross between Overwatch, Borderlands and Future Domination game mode. 2016 Cool out as!.."
167,Neutral,"Already played Bleeding Edge... what a clever game! Cross between fantasy, Borderlands non Domination game mode. Playing as!.."
180,Neutral,"For some reason, my laptop can run Borderlands 3, War thunder and Warframe all on high settings.. . BUT. . The moment I even try to even launch Csgo my entire computer crashes..."
181,Neutral,"For some reason my laptop can run Borderlands 3, War Thunder and Warframe at high settings... BUT.. the moment I even try to start Csgo, my entire computer crashes..."
182,Neutral,"For some reason, my laptop can run Borderlands 3, War Thunder, and Warframe at high settings.. BUT... The moment I even try to run CSgo, my whole computer breaks down..."
183,Neutral,"For some reason, my Firefox can run Borderlands 3, War thunder plus Warframe all on high settings... no.. The moment I even try to even launch Csgo its entire computer crashes..."
184,Neutral,"For some reason, my laptop can easily run Borderlands Volume 3, Chaos War thunder and Warframe all currently on high settings... A BUT.. A The moment I even dare try to even launch Csgo to my mind entire computer crashes..."
185,Neutral,"For some reason, my software can mount Act 3, War thunder King Thunder all on high speeds... BUT.. The moment I even try to even launch from my entire computer crashes..."
192,Neutral,i enter that gunner seat and i fear for my life
193,Neutral,I step into the trench and fear for my life
194,Neutral,i enter that gunner seat and i fear for my life
195,Neutral,i enter that gunner seat and actually fear for my life
196,Neutral,i then enter in that gunner seat and i fear for my life
197,Neutral,i enter that gunner seat and i fear for a life
210,Neutral,update 2: i thwarted the bank and now own borderlands 3
211,Neutral,update 2: I foiled the bank and now own borderlands 3
212,Neutral,update 2: i threatened the bank and now own borderlands 3
213,Neutral,update 2: i thwarted the bank who now own borderlands 3
214,Neutral,update 2 : i thwarted on the late bank trip and now own borderlands 3
215,Neutral,update 2: i thwarted the bank we now own borderlands 3
252,Neutral,Slutty mechanic... Im im...  
253,Neutral,Slutty mechanic... Im im im im...
254,Neutral,Slutsky......
255,Neutral,Slutty mechanic... by im...
256,Neutral,Slutty old mechanic... Where Im im...
257,Neutral,Slutty mechanic... and im...
288,Neutral,"Modern Warfare For $38, Borderlands 3 For $20, And More Great Game Deals (PS4, Xbox One, Switch) unsorted.co/modern-warfare… https://t.co/2n68qoJKhU"
289,Neutral,"Modern Warfare for $38, Borderlands 3 for $20 and other great games (PS4, Xbox One, Switch) unsorted.co / modern-warfare... https: / / t.co / 2n68qoJKhU"
290,Neutral,"Modern Warfare for $38, Borderlands 3 for $20, And More Great Game Deals (PS4, Xbox One, Swift) unsorteco / modern-warfare..."
291,Neutral,"Modern Warfare Not $38, Borderlands For For $20, All More Great Game Gear (PS4, Xbox One, Switch) unsorted.co/modern-warfare… https://t.co/2n68qoJKhU]"
292,Neutral,"Modern Warfare 11 For $ 38, Borderlands 3 For $ 20, 200 And More Great Nintendo Game Group Deals ( PS4, Xbox One, Nintendo Switch ) also unsorted. See co / w modern - warfare database … https://t.co/2n68qoJKhU ]"
293,Neutral,"Modern Warfare For $38, Borderlands Online For $20, And More Great Good Deals (PS4, Compact Multi, Switch) now.co/modern-warfare... at]"
330,Neutral,"Hey borderlands mutuals fam, sorry I've not been interacting as directly and playing games as much as I had been but I love ya'll too so much. Thank you for reminding me fandom isn't just a giant cesspool. Thank you for having such cute characters to look forward to seeing and--"
331,Neutral,"Hey borderlands mutuals fam, sorry, I didn't interact and play games as directly as I was, but I love you too much. Thank you for reminding me that fandom is not just a huge cesspool. Thank you for having such nice characters to look forward to."
332,Neutral,"Hey borderlands mutuals fam, sorry I've not been interacting as directly and playing games as much as I had but I love ya'll too much. Thank you for reminding me fandom is not just a giant cesspool. Thank you for having such cute characters to look forward to see and--"
333,Neutral,"Hey borderlands mutuals fam, sorry I've not been interacting as directly and playing games as much as I had been but did love ya'll too so much. Thank you for telling me fandom isn't just this giant cesspool. Thank you for posting such amazing content to look forward to seeing and--"
334,Neutral,"Lee Hey borderlands mutuals fam, sorry I've not been interacting as directly and or playing games as fun much as I had really been but I really love ya'll too so much. Thank you for reminding me fandom game isn't just a giant time cesspool. I Thank you for having such cute little characters to look much forward to seeing and - -"
335,Neutral,"great borderlands mutuals fam, sorry I've not been interacting as directly and playing not as hard if I had been but I love ya'll too so much. Thank you for reminding me fandom isn't just a global cesspool. thanks for<unk> having more awesome characters to look forward to seeing and--"
342,Neutral,"Borderlands 3: Guns, Love, And Tentacles: 10 Best New Legendary Weapons, Ranked ift.tt/2Xj2rmu  "
343,Neutral,"Borderlands 3: Weapons, Love and Tentacles: 10 best new legendary weapons, rank ift.tt / 2Xj2rmu"
344,Neutral,"Borderlands 3: Get, Love, And Tentacles: 10 Best New Legendary Weapons, Ranked i.tt / 2Xj2r.com"
345,Neutral,"Borderlands 2018: Guns, Love, And Tentacles: 10 Great New Legendary Weapons, Ranked live.tt/2Xj2rmu"
346,Neutral,"10 Borderlands 3 : Black Guns, Blind Love, Words And Tentacles : 2010 10 Best New Legendary Assault Weapons, Ranked ift. tt / 2Xj2rmu"
347,Neutral,"Borderlands With Guns, Metal, And Tentacles: 10 En<unk> Secret Weapons, Ranked ift.tt/2Xj2rmu"
366,Neutral,"Messed up downloading the new borderlands 3 dlc yet again. Assume the update was the patch and dlc, but like the previous dlc even with the season pass it has to be manually added from ps store and downloaded"
367,Neutral,"Suppose the update was the patch and the dlc, but like the previous dlc it has to be added and downloaded manually from the ps store even with the season card."
368,Neutral,"Suppose that the update was a patch and a patch, but, as in the previous case, even with a subscription, it has to be manually added from the store and downloaded"
369,Neutral,"Messed up downloading the new borderlands 3 dlc yet again. Assume the update is the patch and dlc, but like the previous one even with the season pass this has to be immediately added from ps store and downloaded"
370,Neutral,"Messed up downloading the new borderlands 3 dlc update yet again. Assume the update never was the patch and dlc, but feels like doing the whole previous dlc even with getting the final season to pass it now has to be manually added later from ps store and downloaded"
371,Neutral,"Messed up downloading completely new borderlands as dlc yet again. Assume the update was the patch and dlc, but like any 3 dlc even with the conditional pass patch has eventually be manually added from ps store and made"
378,Neutral,I’ve done nothing but play borderlands 3 for the last 13 hours and I’m still not done. I STARTED AT CHAPTER 8 AND IM ONLY ON 20. this game is unnecessarily long.
379,Neutral,I haven't done anything other than play Borderlands 3 for the last 13 hours and I'm still not done. I START AT CHAPTER 8 and ONLY ON THE 20th. This game is unnecessarily long.
380,Neutral,I've been playing Borderlands 3 for the last 13 hours and still haven't finished.
381,Neutral,I’ve done nothing but play borderlands 3 shit the last 13 hours and I’m still not done. I STOP AT CHAPTER 7 AND IM DEAD ON 20. this game is unnecessarily long.
382,Neutral,I I ’ ve done nothing but to play borderlands 3 times for the last 13 hours already and I ’ m still not even done. I STARTED AT CHAPTER 8 AND IM ONLY ON February 20. Like this game is just unnecessarily damned long.
383,Neutral,I’ve done nothing but play borderlands 3 for the last 13 years that I’m still fucking moving. I STARTED AT CHAPTER 8 AND IM ONLY ON YOUR. this letter is unnecessarily long.
402,Neutral,"I'm so damn sorry for the stupid short stream, i don't feel up to streaming today. I just have this stupid headache that won't fuck off. . . We sent the love over to @Quietachvment who's playing some Borderlands 3. . . Keep tabs on socials, I'll probably see you Thursday!"
403,Neutral,"I'm so damn sorry for the stupid short stream, I don't feel like streaming today. I just have these stupid headaches that can't be damned... We sent love to @ Quietachvment who plays some Borderlands 3... Keep the social media registers, I'll probably see you on Thursday!"
404,Neutral,"I'm so damn sorry for the stupid short stream, I don't feel like streaming today. I just have this stupid head that won't come off... We sent our love to @ Quicktachement who plays Borderlands 3... Keep tabs on social media, I'll probably see you on Thursday!"
405,Neutral,"I'm so seriously sorry for the record short stream, i don't feel up to streaming today. I just fighting this stupid headache that won't fuck off... We sent the love over to @Quietachvment who's playing great Borderlands 3... Definitely active on socials, I'll probably see you Thursday!"
406,Neutral,"I'm so damn sorry for the stupid short stream, but i don't feel up to streaming today. and I just have this stupid headache that it won'the t fuck right off... I We sent the love over to @Quietachvment and who's playing on some chick Borderlands 3... Keep tabs on socials, I'll probably see with you Thursday!"
407,Neutral,"I'm so damn adverse to the whole short delay, i don't step up to streaming actually. I just have this stupid headache that doesn't fuck off... Chris sent the blanket over to Lauren who's playing some Borderlands 3... Keep tabs on socials, I'll probably see you Thursday!"
432,Neutral,Borderlands 3 - Krieg Meets Maya (Psycho Krieg and the Fantastic Fustercluck DLC). youtube.com/watch?v=o4JfCk….  
433,Neutral,Borderlands 3 - Krieg Meets Maya (Psycho Krieg and the Fantastic Fustercluck DLC). youtube.com / watch? v = o4JfCk....
434,Neutral,Borderlands 3 - Meets Maya (Psycho). youtube.com / watch? v = o4JfCk....
435,Neutral,Borderlands Premiere - Krieg Meets Maya and Krieg and the Fantastic Beast DLC). youtube.com/watch?v=o4JfCk….
436,Neutral,Borderlands 3 - Jesse Krieg Music Meets Princess Maya ( performing Psycho Krieg solo and featuring the Fantastic Duo Fustercluck DLC ). youtube. com / channel watch? id v = o4JfCk ….
437,Neutral,Borderlands Beyond - Scott Meets Me (Psycho Wave vs the Fantastic Fustercluck 5). Buy.com/watch?v=o4JfCk....
438,Neutral,"Idk how I'm gonna do this online class shit. . I was trying to play some borderlands today, and my xbox has been on for like 5 hours with my controller disconnected while I browse Instagram and try and plan out my next semester of classes. . . Imagine if this was a class..."
439,Neutral,"I tried to play a few Borderlands today, and my Xbox has been on for about 5 hours with my controller turned off while I'm surfing Instagram and trying to plan my next semester... Imagine it was a class..."
440,Neutral,I was trying to play some borderline games today and my xbox was turned on for about 5 hours with the controller turned off while I was browsing Instagram and trying to plan my next semester... Imagine if it was a class...
441,Neutral,"Idk how I'm gonna do this online class shit.. I am trying to play some borderlands today, and my xbox + been on for like 5 hours with my controller disconnected while I browse Instagram and Netflix and plan out my next semester of classes... because if this took a class..."
442,Neutral,"Idk how I'ya m gonna do this online class shit.. I was trying desperately to play some borderlands today, and my xbox has barely been on for like 5 ½ hours but with my touch controller disconnected while here I browse Instagram and try harder and plan out having my next real semester of classes... Imagine if this was a class..."
443,Neutral,"<unk> but I'm supposed do my online class shit.. Here was trying to play some borderlands today, now my xbox has been on for like 5 PM with my controller disconnected as I browse Instagram and try and try out this next semester of classes... Imagine if this was a class..."
456,Neutral,does fall damage canonically exist in the borderlands universe
457,Neutral,Fall Damage Is Canonically in the Borderland Universe
458,Neutral,whether the damage to the fall is canonical in the frontier universe
459,Neutral,does fall damage canonically exist in the borderlands?)
460,Neutral,it does fall damage we canonically exist in the borderlands universe
461,Neutral,does fall damage canonically occur in the borderlands universe
468,Neutral,A nerf gun painted to look like a  
469,Neutral,A Nerf pistol painted to look like a gun
470,Neutral,A pistol designed to look like a gun
471,Neutral,A nerf gun painted to appear like a
472,Neutral,A nerf gun painted to look less like a
473,Neutral,A nerf gun invented to look like a
474,Neutral,I am so exhausted from work this week so probably no borderlands stream today i’m SO SORRY . 
475,Neutral,I'm so exhausted from work this week that I probably won't be able to flow anymore and I'm SO SORRY.
476,Neutral,"I'm so tired of working this week that there's probably no border flow today, I'm SO SORRY."
477,Neutral,I am so exhausted from work this week being probably no borderlands stream today i’m SO stoked.
478,Neutral,30 I am now so exhausted from work just this week or so probably no borderlands stream today i I ’ m SO SORRY.
479,Neutral,I am still exhausted from work this Saturday so probably no borderlands stream and i’m SO SORRY.
486,Neutral,Tales from the Borderlands swaggiedeals.com/product/tales-…
487,Neutral,Stories from the border swaggiedeals.com / product / tales-...
488,Neutral,Tales from the Borderlands swagdeals.com / product / tales-...
489,Neutral,Tales over the Borderlands Factory.com/product/tales-…
490,Neutral,Tales from Behind the Borderlands at swaggiedeals. com / www product / tales - …
491,Neutral,looking at the Kitchen swaggiedeals.com/product/tales-...
498,Neutral,"Guns, Love, and Tentacles is out now, and here are 5 reasons we're excited to  "
499,Neutral,"Guns, Love, and Tentacles is out now, and here are 5 reasons why we're excited"
500,Neutral,"GB, Love, and Tentacles is out now, and here are 5 reasons we're excited to"
501,Neutral,"Guns, Love, and Sex is out now, and here are 5 reasons not excited to"
502,Neutral,"Guns, Love, Speed and Tentacles is out now, and here are with 5 main reasons we'D re excited to"
503,Neutral,"Guns, Love, and Music is up now, and here are four reasons we're excited to"
516,Neutral,. :: Ah yes. A very very old image of demon Lottie from when they were still a borderlands oc pic.twitter.com/PuW3XjWuro
517,Neutral,.:: Ah yes. A very old picture of Demon Lottie from the time when they were still a border country oc pic.twitter.com / PuW3XjWuro
518,Neutral,:: Ah yes. A very old image of Lottie's demon from when they were still border guards.
519,Neutral,. :: Ah yes. A very very old image of demon Lottie from when they were still a borderlands oc pic.twitter.com/PuW3XjWuro
520,Neutral,IBM . :: Ah yes. A very very old image of demon Lottie from when they were still a borderlands oc pic.twitter.com/PuW3XjWuro
521,Neutral,on
552,Neutral,Trying out  
554,Neutral,Trying to get out
555,Neutral,Trying it
556,Neutral,Trying it out
557,Neutral,you out
558,Neutral,"Today’s Best Game Deals: FIFA 20 $18, Borderlands Handsome $15, more – 9to5Toys uk.googlehits.com/as-we-speaks-f…"
559,Neutral,"The best gaming deals today: FIFA 20 $18, Borderlands Handsome $15, more - 9to5Toys uk.googlehits.com / as-we-speak-f..."
560,Neutral,"The best deals so far: FIFA 20 $18, Borderlands Handsome $15, more - 9to5Toys uk.googfcits.com / as-we-speak-f..."
561,Neutral,"Today’s Best Game Movies: FIFA 13 $18, Borderlands 8 $15, more – 9to5Toys 10.googlehits.com/as-we-speaks-f…"
562,Neutral,"Today ’ ′ s Show Best Game Winner Deals : FIFA 20 $ 18, against Borderlands 2 Handsome $ 15, more as – 9to5Toys 2016 uk. Retrieved googlehits. com / sales as - we - speaks - f …"
563,Neutral,"your Best FIFA Deals: FIFA 20 1, The Handsome 5, Play – via uk.googlehits.com/as-we-speaks-f..."
570,Neutral,i kno borderlands handled zer0 being nonbinary kinda shittily with them being most likely nonhuman (?) to start and then forgetting their pronouns in tftbl but i still rlly like zer0 and am happy to have them :-) same with fl4k i love them too and they're both playable mcs so
571,Neutral,i kno borderlands handling zer0 being nonbinary kind shitty with they are most likely inhuman (?) to start and then forget their pronouns in tftbl but i rlly like zer0 and me happy to have them: -) same with fl4k I love them too and they are both playable mcs so
572,Neutral,"i kno borderlands managed zer0 being nonbinary kinda shittily with them being most likely non-human (?) to start and then forget their pronobel in t, but i still rlly like zer0 and am happy to have them: -) same with fl4k i love them too and they're both playable mso"
573,Neutral,"i kno borderlands handled zer0 be nonbinary kinda easier than them being most definitely nonhuman (?) to start and then forgetting their pronouns in tftbl but i still rlly like zer0 and am happy to have them, same with fl4k i read them too and they're both playable mcs so"
574,Neutral,i kno The borderlands handled zer0 only being nonbinary but kinda i shittily with them being too most likely non nonhuman (? ) to start and then usually forgetting their pronouns in tftbl but i still rlly like zer0 and g am happy to have them : - ) t same with fl4k i love into them too and they're both playable mcs so
575,Neutral,i kno c handled zer0 being bad kinda shittily with me being most likely nonhuman (?) to start and then forgetting their worth in tftbl but i still rlly like zer0 and was trying to enjoy them :-) same with fl4k i liked them well and they're both playable mcs the
588,Neutral, . .  .  .  .  .  
590,Neutral,........
591,Neutral,..    . . .
592,Neutral,......
593,Neutral,......
606,Neutral,GameSpot: Borderlands 3's DLC Dismisses Major Problems With Lovecraft's Work ift.tt/39qpeiS
607,Neutral,GameSpot: Borderlands 3's DLC rejects major issues with Lovecraft's work ift.tt / 39qpeiS
608,Neutral,GameSpot: DLC's Borderlands 3 fires protagonists over Lovecraft i.tt / 39qS
609,Neutral,GameSpot: Borderlands 3's DLC Dismisses Major Problems - Lovecraft's Dream ift.tt/39qpeiS
610,Neutral,Official GameSpot : Lost Borderlands 3's DLC Dismisses Major Problems Running With Lovecraft's Underground Work as ift. 0 tt / 39qpeiS
611,Neutral,GameSpot: Fantasy III's Music has Major Problems With Lovecraft's Work ift.tt/39qpeiS
636,Neutral,playing borderlands 3 before 2 was a mistake bc now i know who dies ):. also now when i replay 3 im gonna be A MESS at the end...
637,Neutral,"To play Borderlands 3 before 2 was a mistake bc now I know who dies): even now if I replay 3, I will end up A MESS..."
638,Neutral,playing borderlands 3 before 2 was a mistake bc now i know who dies):. also now when i replay 3 im gonna be A MESS at the end...
639,Neutral,playing borderlands 3 before 2 was a mistake bc now i know who dies ):. also being that i replay 3 im gonna get A MESS at the end...
640,Neutral,playing borderlands because 3 before 2 was a final mistake bc now all i know who dies ) :. also now when won i play replay 3 im be gonna be A G MESS at the end...
641,Neutral,playing those 3 vs 2 was a struggle bc now i know who dies ):. also because when i replay that im gonna be A MESS at the beginning...
648,Neutral,Morning~!!. I'm split on playing PSO2 or Borderlands 3 for todays stream. 🤔. Either way a stream today is happening and I'm excited to hang out nonetheless!!. Hope your weekend was well. .  :3 pic.twitter.com/X0CrvuK8Pq
649,Neutral,"Tomorrow ~!!. I'm split when it comes to playing PSO2 or Borderlands 3 for today's stream. Either way, a stream is underway today and I'm still looking forward to hanging out!!. Hope your weekend was good...: 3 pic.twitter.com / X0CrvuK8Pq"
650,Neutral,Morning ~!!. I'm split on playing PS2 or Borderlands 3 for today stream.
651,Neutral,Morning~!!. I'm split on playing PSO2 or Borderlands 3 for todays stream. 🤔. Either way a stream today is happening and I'm excited to hang out nonetheless!!. Hope your weekend was well. .  :3 pic.twitter.com/X0CrvuK8Pq
652,Neutral,1 Morning~!!. I'm split on playing PSO2 or Borderlands 3 for todays stream. 🤔. Either way a stream today is happening and I'm excited to hang out nonetheless!!. Hope your weekend was well. .  :3 pic.twitter.com/X0CrvuK8Pq
653,Neutral,we
654,Neutral,"‘Borderlands 3’ Turned Its Mayhem Modifiers Back On, And That Was A Mistake ie.jobwx.eu/Rg2956"
655,Neutral,"""Borderlands 3"" turned on its mayhem modifiers again, and that was a mistake ie.jobwx.eu / Rg2956"
656,Neutral,"""Borderlands 3"" turned on the Mayhem modifiers, and it was a mistake."
657,Neutral,"‘Borderlands 3’ Putting Its Mayhem Modifiers Back On, And That Sounds Huge Mistake ie.jobwx.eu/Rg2956"
658,Neutral,"‘ Borderlands 3 The ’ Turned Its Skin Mayhem Best Modifiers Come Back On, And Me That Was Only A Mistake ie. free jobwx. eu / Rg2956"
659,Neutral,"May 3’ Turned Its Mayhem War Back On, And That Enter the Issue ie.jobwx.eu/Rg2956"
678,Neutral,Borderlands 3 Chapter 1 youtu.be/0SKu6Vr4iXU via @YouTube Come Watch as I dive into a awesome Adventure :) Lets do this :D. @VxsSociety @SmallStreamersC
679,Neutral,Borderlands 3 Chapter 1 youtu.be / 0SKu6Vr4iXU via @ YouTube Come Watch me dive into a fantastic adventure:) Let's do this: D. @ VxsSociety @ SmallStreamersC
680,Neutral,Borderlands 3 Chapter 1 youtu.be / 0SKu6Vr4iXU via @ YouTube Come Watch as I dive into a awesome course:) Lets do this: D. @ VxsSociety @ SmallStreamsC
681,Neutral,Borderlands 3 D 1 competition.be/0SKu6Vr4iXU via @YouTube Come Watch as I dive explain a awesome idea :) Lets do this :D. @VxsSociety @SmallStreamersC
682,Neutral,Lost Borderlands Part 3 Chapter 1 youtu. de be / w 0SKu6Vr4iXU via @YouTube Come Watch as I wanna dive into such a awesome Secret Adventure : ) 3 Lets You do this : D. be @VxsSociety @SmallStreamersC
683,Neutral,Borderlands 3 Chapter 1 Download.be/0SKu6Vr4iXU or @YouTube then Watch whilst I dive into a Virtual Adventure :) Lets do without :D. 8 and
690,Neutral,A Noob Trys To Make A Salvador Build Borderlands 2 twitch.tv/lucasc_123
691,Neutral,A Noob tries to make A Salvador Build Borderlands 2 twitch.tv / lucasc _ 123
692,Neutral,Nub tries to force El Salvador to build border lands 2: tch.tv / lucasc _ 123
693,Neutral,A Noob Trys To Make A Salvador Build Borderlands 2 twitch.tv/lucasc_123
694,Neutral,from A Noob Trys To Make A Salvador Build Borderlands 2 twitch.tv/lucasc_123
695,Neutral,the
696,Neutral,Eli Roth is directing the ‘Borderlands’ movie engadget.com/2020/02/20/eli…
697,Neutral,"Eli Roth directs ""Borderlands"" engadget.com / 2020 / 02 / 20 / eli..."
698,Neutral,Elie to direct 'The Frontier' film
699,Neutral,Eli Roth is directing the Paramount picture engadget.com/2020/02/20/eli…
700,Neutral,Jonathan Eli Roth is directing All the ‘ Borderlands ’ movie from engadget. com / 2020 / 02 / 4 20 / 2015 eli …
701,Neutral,<unk><unk> was directing its ‘Borderlands’ movie engadget.com/2020/02/20/eli...
708,Neutral,"If Borderlands and Fallout had a child, it would be @OuterWorlds Love the game though! Terrific work 🤞. "
709,Neutral,"If Borderlands and Fallout had a child, it would be @ OuterWorlds Love the game though! Great work."
710,Neutral,"If Borderlands and Fallout had a child, it would be @ OWorlds Love the game though! Terrible work."
711,Neutral,"If Borderlands and Fallout had a child, it should be @OuterWorlds Love the company though! Terrific work 🤞."
712,Neutral,"If Borderlands and Fallout 5 had a third child, it would be @OuterWorlds for Love loves the game though! Terrific to work [UNK]."
713,Neutral,"If Borderlands and RPG had a cliche, it would be simply Love the game<unk>! Terrific work <unk>."
750,Neutral,Wine drunk playing the new Borderlands . . . Goddess life is a fun life.. . .  findom
751,Neutral,Wine drunk while playing the new Borderlands... The life of the goddess is a fun life..... findom
752,Neutral,Wine is drunk while playing the new Borderlands... The life of Goddess is a fun life... findom
753,Neutral,Wine drunk on the video Borderlands... Goddess life is a fun life....  findom
754,Neutral,Wine are drunk playing the new Borderlands... Goddess and life there is a much fun life.... findom
755,Neutral,Wine drunk playing the new music... our life as a mortal life.... findom
756,Neutral,"So, fun annoying thing @MeatballMissus and I just learned: There are two different versions of Borderlands: Game of the Year Edition on Steam, and they are not compatible with each other for online play."
757,Neutral,"So, fun with the annoying thing @ MeatballMissus and I just learned: There are two different versions of Borderlands: Game of the Year Edition on Steam, and they are not compatible for online games."
758,Neutral,"So the funny thing @ MeatballMissus and I have just learned is that there are two different versions of Borderlands: Game of the Year and on Steam, and they are not comparable to each other for online gaming."
759,Neutral,"So, fun annoying thing @MeatballMissus and PC just learned: There are always different versions of Borderlands: Game of the Year Edition on Steam, and they are always compatible via each other for online play."
760,Neutral,"So, the fun annoying thing @MeatballMissus and it I just learned : There are two substantially different versions of Borderlands : Game of the Future Year Complete Edition on the Steam, and even they are not compatible with each country other for online play."
761,Neutral,"little, fun annoying thing @MeatballMissus and others just learned: There are two different versions of Mario: Game for the Year Edition across Steam, and they are not compatible with each other for online purchases."
774,Neutral,Even tho i out leveled this grenade it’s still destroying everything in my path. Check it out: youtu.be/wpdGr4PH8Lo  
775,Neutral,"Even though I leveled this grenade, it still destroys everything that gets in my way. See also: youtu.be / wpdGr4PH8Lo"
776,Neutral,Even tho i out leveled this grenade it's still destroying everything in my path. Check it out: youtu.be / wpdGr4PH8Lo
777,Neutral,Even tho i out leveled this monster it’s still changing everything along my path. Check it out: youtu.be/wpdGr4PH8Lo
778,Neutral,2 Even tho i out o leveled this lone grenade it was ’ that s still destroying everything in my path. c Check it that out : youtu. be / wpdGr4PH8Lo
779,Neutral,Even tho i successfully leveled this grenade it’s seriously hurting everything in my path. slug it out: from.be/wpdGr4PH8Lo
798,Neutral,"I really like Randy Pitchford, he's been nothing but helpful to me. I hope this is all a mix up."
799,Neutral,"I really like Randy Pitchford, he just helped me. I hope it's all a mix-up."
800,Neutral,"I really like Randy Pitchford, he's helped me a lot."
801,Neutral,"I really like Randy Pitchford, he's been nothing but great to me. I realize this is all a mix up."
802,Neutral,"I really like Randy Pitchford, but he's been nothing but fucking helpful to get me. Like I hope this is this all a mix up."
803,Neutral,"I really like Randy Pitchford, and's been nothing but helpful through me. I hope things is all a mix with."
888,Neutral,Unpopular opinion: none of those games are good.
889,Neutral,Unpopular Opinion: None of these games is good.
890,Neutral,Unpopular view: None of these games is good.
891,Neutral,Unpopular opinion: none if those games are good.
892,Neutral,Unpopular opinion : none of perhaps those games itself are good.
893,Neutral,Unpopular opinion: Neither of those games are good.
894,Neutral,🧨 bURn aLL tHe BAbiES 🧨.  
24,Negative,the biggest dissappoinment in my life came out a year ago fuck borderlands 3
25,Negative,The biggest disappointment of my life came a year ago.
26,Negative,The biggest disappointment of my life came a year ago.
27,Negative,the biggest dissappoinment in my life coming out a year ago fuck borderlands 3
28,Negative,For the biggest male dissappoinment in my life came hanging out a year time ago fuck borderlands 3
29,Negative,the biggest dissappoinment in my life came back last year ago fuck borderlands last
36,Negative,Man Gearbox really needs to fix this dissapointing drops in the new Borderlands 3 DLC cant be fine to farm bosses on Mayhem 10 to get 1 legendary drop while anywhere else i get 6-10 drops. . Really sucks alot
37,Negative,"Man Gearbox really needs to fix these disappointing drops in the new Borderlands 3 DLC for farm bosses on Mayhem 10 to get a legendary drop, while I get 6-10 drops elsewhere."
38,Negative,Man Gearbox really needs to fix this disssapointing drops in the new Borderlands 3 DLC cant be fine to farm bosses on Mayhem 10 to get 1 legendary drop while elsewhere i get 6-10 drops... Really sucks alot
39,Negative,Man Bethesda really needs to fix this dissapointing drops and the new Borderlands 3 It cant be fine to farm bosses on Mayhem 10 to get 1 legendary drop while anywhere else i get 6-10 drops.. Really sucks...
40,Negative,Man Gearbox really needs to fix this dissapointing drops in the completely new Borderlands 3 Days DLC i cant e be fine having to be farm bosses on Mayhem 10 to e get 1 legendary foot drop while anywhere else i get 6 - 10 drops.. It Really sucks to alot
41,Negative,<unk> Gearbox really time to fix this 10 drops in the new Borderlands 3 DLC or be fine to force bosses on Mayhem 10 to get a legendary drop while everyone else i get 6-10 drops.. Really needs alot
54,Negative,why does like every man in borderlands have slicked back hair haven’t you heard of bangs you stupid assholes
55,Negative,"Why, like every man in border countries, have you not heard of bangs, you stupid assholes?"
56,Negative,"Why, like everyone else in the border countries, have your hair fallen off, have you not heard that you are stupid aliens?"
57,Negative,why does like<unk> man in borderlands have slicked back hair or you heard of bangs you stupid assholes
58,Negative,why Beth does like every man in borderlands have she slicked that back hair haven ’ t you heard enough of gray bangs you stupid assholes
59,Negative,why does practically every man in France have slicked back hair haven’t you heard of bangs the greedy assholes
96,Negative,Grounded almost looked pretty cool even despite the borderlands tier unfunny writing until it became yet another survival crafting game. I really can’t wait for this shitty trend to die
97,Negative,"Grounded looked cool despite the borderline unfunny writing, until it became another survival crafting game. I really can't wait for this crappy trend to die."
98,Negative,"Grosskreutz looked pretty cool, even despite the unfunny spelling, until it turned into another survival game. I really can't wait for this crap trend to die"
99,Negative,Grounded almost looked pretty cool here despite the borderlands tier unfunny writing until it became yet an survival crafting game. I really can’t wait for this shitty mod to die
100,Negative,Deep Grounded almost looked pretty cool even despite the borderlands fifth tier unfunny writing format until ultimately it became yet another survival crafting mobile game. I really can ’ t wait for this shitty trend starting to... die
101,Negative,Grounded almost was pretty cool even despite the top tier unfunny writing until we became yet another annoying crafting game. I seriously can’t wait on this shitty trend to die
108,Negative,@Borderlands how do I submit a complaint? Your CEO isn't paying his staff their bonuses.
109,Negative,"@ Borderlands, how can I file a complaint? Your CEO doesn't pay his employees their bonuses."
110,Negative,@ Borderlands how to file a complaint? Your CEO doesn't pay his employees bonuses.
111,Negative,@Borderlands how did I submit a complaint? Your CEO isn't paying his competitors their bonuses.
112,Negative,@Borderlands how do suppose I submit a complaint? Your CEO isn'ain t even paying his entire staff their bonuses.
113,Negative,Now how do I submit any complaint? Your CEO isn't offering his staff their bonuses.
114,Negative,All the Borderlands are fuckin trash
115,Negative,All the Borderlands are damn rubbish
116,Negative,All the borderlands are fucking thrash
117,Negative,All the Borderlands shit fuckin trash
118,Negative,35 All the Borderlands are fuckin trash
119,Negative,All the Borderlands are fuckin stupid
144,Negative,"""What a bitch!"""
145,Negative,"""What a slut!"""
146,Negative,"""What a bitch!"""
147,Negative,"""What terrible bitch!"""
148,Negative,"""... What a bitch! """
149,Negative,"""What a miracle!"""
198,Negative,fuck it .  pic.twitter.com/Wav1bacr5j
199,Negative,Fuck it. pic.twitter.com / Wav1bacr5j
200,Negative,fuck it. pic.wikipedia.org / Wav1bacr5j
201,Negative,fuck it .  pic.twitter.com/Wav1bacr5j
202,Negative,V fuck it .  pic.twitter.com/Wav1bacr5j
203,Negative,I
216,Negative,@Borderlands something seems very broken with M10 drop rates. Constantly dropping less lot than lower mayhem levels. How is this possible with a +2500% loot modifier on. I swear I'm seeing more greens and blues than anything on boss kills.
217,Negative,@ Borderlands something seems very broken with M10 drop rates. Constantly falling less than lower chaos levels. How is this possible when a + 2500% loot modifier is on. I swear I see more greens and blues than anything on boss kills.
218,Negative,@ Borderlands something seems very broken with the M10 drop rate. Constantly falling less than the lower levels of mayhem. As possible with the +% production modifier.
219,Negative,@Borderlands something seems kinda broken with M10 drop rates. Constantly pushing less lot than normal mayhem levels. How is this possible with a +2500% loot modifier on. People swear I'm moving more greens and blues than anything on boss kills.
220,Negative,2 @Borderlands something seems very broken with M10 drop recovery rates. Constantly dropping seems less lot than lower mayhem levels. 3 How fast is this possible with a + 2500 % loot modifier next on. 1 I swear I'm actually seeing... more greens and blues now than anything on boss kills.
221,Negative,@Borderlands something seems very broken with M10 drop rates. Constantly dropping less gold from lower amounts here. How is this worked with your +2500% loot modifier on.<unk> swear I'm seeing more greens over blues than anything on boss kills.
234,Negative,This is shitty. I get that profit-wise it was less than expected due to a huge budget.
235,Negative,This is crappy. I get that it was less profit than expected due to a huge budget.
236,Negative,This is crap. I realize that the profit turned out to be lower than expected because of the huge budget.
237,Negative,This is shitty. I get that profit-wise it had less than expected due to a busted budget.
238,Negative,This is shitty. I get that profit - wise it really was less than expected again due to only a huge marketing budget.
239,Negative,This is shitty. I get that profit-wise it was less business expected prior to a huge problem.
270,Negative,bl3 using girl on fire for the end credits is why i’m gonna quit borderlands forever
271,Negative,bl3 with girl on fire for the end credits is the reason why I will leave Borderlands forever
272,Negative,bl3 using girl on fire for the end credits is why i'm gonna quit borderlands forever
273,Negative,bl3 using girl by fire for the end credits reminds why i’m gonna quit borderlands forever
274,Negative,bl3 using girl on fire for writing the end credits It is probably why i r ’ m gonna quit borderlands forever
275,Negative,bl3 old girl on fire for the end credits knows why i’m gonna watch borderlands forever
306,Negative,I hate this algorithm
307,Negative,I hate this algorithm
308,Negative,I Hate This Alma Mater
309,Negative,I hate your algorithm
310,Negative,I hate this stupid algorithm
311,Negative,to hate this algorithm
372,Negative,Hey @Borderlands i cant access the new dlc. I can start the mission but then nothing. I have my game on epic
373,Negative,"Hey @ Borderlands I can not access the new dlc. I can start the mission, but then nothing. I put my game on epic"
374,Negative,Hey @ Borderlands i cant access the new Focus. I can start the mission but then nothing. I have my game on epic
375,Negative,Hey @Borderlands u cant access the console dlc. I can start the mission but then nothing. I have my game on epic
376,Negative,Hey @Borderlands i cant access me the four new dlc. I still can start the mission quickly but then nothing. now I have hit my game on epic
377,Negative,played @Borderlands i have access the new dlc. I can open the mission but then nothing. You have my game on epic
414,Negative,@GearboxOfficial fix Borderlands 3 achievements. This is unreal that you guys can’t figure this out.
415,Negative,@ GearboxOfficial Fix Borderlands 3 Achievements. This is unreal that you can't figure it out.
416,Negative,@ GearboxOfficial fix the achievements of Borderlands 3. It's unreal that you guys can't understand this.
417,Negative,@GearboxOfficial fix Borderlands 3 achievements. This is unreal that you guys dont figure it out.
418,Negative,@GearboxOfficial fix Borderlands 3 achievements. com This is all unreal bad that you guys can ’ t figure about this out.
419,Negative,@GearboxOfficial fix Borderlands 3 achievements. IT is unreal that you guys will check this out.
420,Negative,@GearboxOfficial  @Borderlands I love(d) this game. I've spent 325hrs beating the game twice and farming like crazy to get the weapons and anoints that I want. Then you decide that the way that I'm playing wasn't the way you had intended so you weaken my favorite anoint...
421,Negative,"@ GearboxOfficial @ Borderlands I love (d) this game. I spent 325 hours beating the game twice and working like crazy to get the weapons and ointments I want. Then you decide that the way I play was not what you intended, so you weaken my favorite album..."
422,Negative,@ GearboxOfficial @ Borderlands I love (d) this game. I spent 325hrs beating the game twice and farming like crazy to get the weapons and money I want.
423,Negative,@GearboxOfficial  @Borderlands fucking love(d) this game. I've spent 325hrs beating the game twice and farming like crazy to get the weapons and anoints that I want. Only you discover that one way that I'm playing wasn't the way you had wanted so I weaken my favorite anoint...
424,Negative,@GearboxOfficial @Borderlands I absolutely love ( d ) this game. I've spent my 325hrs beating the game twice and farming like crazy to get the weapons and those anoints there that I want. Then you decide that me the very way that I'W m playing wasn't the way those you had intended so you you totally weaken my favorite anoint...
425,Negative,@GearboxOfficial @Borderlands I love(d) this game. But've spent 325hrs beating your game twice and farming like crazy to get which way those anoints that I want. And you say that that way that I'm playing wasn't which way it had intended so you weaken my favorite anoint...
522,Negative,My most despised area in Borderlands 1 is now the Rust Commons area. . So many sidequests
523,Negative,My most despised area in Borderlands 1 is now the Rust Commons area.
524,Negative,My favourite area in Borderlands 1 right now is the Rust Commons... So many sidewalks
525,Negative,My most despised area in Borderlands 1 is still the Great Commons area.. So many sidequests
526,Negative,2007 My most despised land area left in Borderlands 1 is now the Lee Rust Commons area.. So many sidequests
527,Negative,My most despised block in Borderlands 1 is now the Kensington Commons area.. So many bad
528,Negative,Holy fuck???!!??!
529,Negative,Holy shit???!!??!
530,Negative,Holy fuck???!!?!?!
531,Negative,Holy Week!
532,Negative,The Holy shit fuck???!!??!
533,Negative,Holy Sick??!
726,Negative,Capitalism on the Borderlands
727,Negative,Capitalism at the Border
728,Negative,Surrender on the Border
729,Negative,Capitalism on Political Borderlands
730,Negative,Capitalism on the European Borderlands
731,Negative,Capitalism through the Borderlands
732,Negative,"This explains why there's a lack of fast travel stations in Guns, Love, and Tentacles.  Ridiculous."
733,Negative,"This explains why there are no fast travel destinations in Guns, Love and Tentacles. Ridiculous."
734,Negative,"This explains the lack of high-speed tram stations in Gothenburg, Ljuby and Tentacle."
735,Negative,"This explains why there's a market of fast travel stations for Guns, Love, and Tentacles.  Ridiculous."
736,Negative,"This explains why there's also a lack of regular fast travel stations in Guns, I Love, Love and Alternative Tentacles. Ridiculous."
737,Negative,"basically explains why there's a lack of fast travel stations in Story, Love, & War. Ridiculous."
762,Negative,@Borderlands. Can we please get a big hot fix. I did a whole factory reset and a system wipe. But everytime i play borderlands to farm it crashes
763,Negative,"@ Borderlands. Can we get a big fix please? I've reset an entire factory and deleted a system, but every time I play Borderlands to build a farm it crashes."
764,Negative,@ Borderlands. Can we please get a big hot fix. I did a whole factory reset and a system to wipe out. But whenever i play borderlands to farm it crashes
765,Negative,@Borderlands. could we please get a big hot fix. I gave an whole factory reset and a system wipe. But everytime i play borderlands to farm it crashes
766,Negative,@Borderlands. Can we just please get him a big hot fix. I did just a routine whole factory reset report and a system wipe. But not everytime i gotta play borderlands to farm it crashes
767,Negative,@Borderlands. Can we please have a big hot fix. I did a basic factory check and a system refresh. But everytime i play borderlands to farm system crashes
768,Negative,@Borderlands echo cast doesnt work for me even though it says it is on. it doesnt show anything on twitch about it being on except for when you refresh it says its loading it.
769,Negative,"@ Borderlands echo cast doesn't work for me, though it says it is on. it doesn't point anything at twitching about that it's turned on, except when you update it, it says it's loading."
770,Negative,@ Borderlands echo cast doesn't work for me even though it says it's on.
771,Negative,@Borderlands echo cast doesnt work for me even though it says whatever is on. it doesnt show anything on twitch about something being on except for when you refresh it says its loading correctly.
772,Negative,@Borderlands echo cast back doesnt work for me even though it says it is on. it doesnt actually show anything on twitch about touching it or being on paper except not for when you write refresh it says something its loading it.
773,Negative,@Borderlands echo cast doesnt work for me even though it says it is on. it doesnt show normally on twitch of it being open except if when you hit which says its loading it.
786,Negative,@Borderlands I can't play borderlands 3 on my Xbox without it crashing can you fix this pls
787,Negative,@ Borderlands I can't play Borderlands 3 on my Xbox without it crashing.
788,Negative,@ Borderlands I can't play borderlands 3 on my Xbox without it crashing can you fix this pls
789,Negative,@Borderlands<unk> can't play borderlands 3 on my tablet without it crashing can you fix this pls
790,Negative,A @Borderlands I can't play borderlands 3 on my Xbox without it completely crashing so can you maybe fix this pls
791,Negative,man I cannot't play borderlands 3 on our Xbox without it crashing can you fix this pls
792,Negative,My dumbass was like “what borderlands mod is this” because that mf looks like claptrap
793,Negative,"My dumbass was like ""What borderlands mod is this,"" because this MF looks like a rattlesnake."
794,Negative,"My dumbass was like ""what borderlands mod is this"" because that mf looks like claptrap"
795,Negative,My dumbass was like “what fun mod is this” because every mf looks like claptrap
796,Negative,... My dumbass was like “ asking what borderlands mod is at this time ” because that mf looks like claptrap
797,Negative,My dumbass was like the borderlands mod is this” because that mf looks to being
816,Negative,I went to bed at 4am. 5 hours before that at 9pm i was farming Graveward. It is now almost 4pm and i went to farm Graveward again and on my first kill i tried to loot the vault but it was already looted! @Borderlands @Ki11ersix what is wrong with my game it is the broken.
817,Negative,I went to bed at 4am. 5 hours earlier at 9pm I was at Graveward Farm. It's almost 4pm now and I went back to Graveward Farm and on my first kill I tried to loot the safe but it was already looted! @ Borderlands @ Ki11ersix What's wrong with my game is the broken one.
818,Negative,I went to bed at 4 am. 5 hours before that at 9 pm i was farming Graveward. It is now almost 4 pm and i went to farm Graveward again and on my first kill i tried to lot the vault but it was already rooted! @ Borderlands @ Ki11ersix what is wrong with my game it is the broken.
819,Negative,I went to bed at 4am. 5 days before that at night m was farming Graveward. It is now almost 4pm and i went to farm Graveward again and on my new kill i tried to loot the vault but it was already full! @Borderlands @Ki11ersix what is wrong with my game it we the broken.
820,Negative,I went to bed at 4am. 5 hours before that at 9pm i was farming Graveward. It is now almost 4pm and i have went to farm near Graveward again and decided on scoring my first kill i tried not to loot the vault home but it somehow was not already looted! 6 @Borderlands @Ki11ersix what is wrong matters with my game it is the broken.
821,Negative,I went to bed at 12. 5 hours before bed at 9pm i were farming Graveward. It came still nearly 4pm and i tried to farm Graveward again and on my third kill i tried to loot the vault that it was already looted! @Borderlands @Ki11ersix what really wrong with my game it is the broken.
840,Negative,Borderlands 3 Update Delayed Due To Anti-Racism Protests pic.twitter.com/dDq8WeXJlS
841,Negative,Borderlands 3 update delayed due to anti-racism protests pic.twitter.com / dDq8WeXJlS
842,Negative,Borderlands 3: Delayed Due To Anti-Racism Protests pic.wikipedia.org / dDq8WeXJlS
843,Negative,Borderlands 3 Update Delayed Due To Anti-Racism Protests pic.twitter.com/dDq8WeXJlS
844,Negative,Digital Borderlands 3 Update Delayed Due To Anti-Racism Protests pic.twitter.com/dDq8WeXJlS
845,Negative,that
846,Negative,@Borderlands I have some concerns with the new update. On console(Ps4 not sure about other) while playing the gaming audio and visuals start to constantly freeze and break making it hard to continue frame rates drop drastically. Should I be worried.
847,Negative,"@ Borderlands I have some concerns with the new update. On the console (ps4 not sure about others) while playing the gaming audio and visuals start to freeze constantly and break, which makes it difficult to sink the frame rates drastically further. I should be worried."
848,Negative,"@ Borderlands I have some misgivings about the new update. On the console (Ps4 is not sure otherwise) during the game audio and video are constantly hovering and breaking down, making it difficult to continue the sharp drop in frame rate."
849,Negative,@Borderlands I have some concerns with the new update. On console(Ps4 n sure whats it) while playing the gaming experience and visuals start to constantly freeze and break making it hard to continue frame rates drop drastically. Now I be worried.
850,Negative,@Borderlands I also have some... concerns with scheduling the new update. On console ( Ps4 in not sure about other ) while playing the gaming audio effects and visuals start to constantly freeze and heads break making it hard to continue and frame rates drop drastically. The Should if I go be worried.
851,Negative,@Borderlands I have some concerns with the new update. On console(Ps4 not sure about other) while after the gaming software and visuals start to really crash and break with very hard to continue frame rates drop drastically. Should or be worried.
858,Negative,borderlands 3 sucks why are yall giving money to randy pitchford? go borrow the other games from a friend. they're actually good
859,Negative,borderlands 3 sucks why give yall money to randy pitchford? go borrow the other games from a friend. they are actually good
860,Negative,borderlands 3 sucks why are yall giving money to random pitchford? go borrow the other games from a friend. they're actually good
861,Negative,borderlands 3 sucks why are yall giving money to randy pitchford? go borrow the other games from a cd. they're actually great
862,Negative,borderlands 3 sucks why are yall boy giving money to that randy pitchford? Just go borrow the same other games from a mutual friend. they're really actually good
863,Negative,borderlands now open or are yall giving money on randy pitchford? go borrow the other games from a friend. they're actually good
870,Negative,this is genuinely all you left me with? @GearboxOfficial @Borderlands pic.twitter.com/X4oKeH4TMH
871,Negative,That's really all you left me? @ GearboxOfficial @ Borderlands pic.twitter.com / X4oKeH4TMH
872,Negative,Is that really all you left me? @ GearboxOfficial @ Borderlands pic.fm / X4oKeH4TMH
873,Negative,this is genuinely all you left me with? RhandlerR RhandlerR pic.twitter.com/X4oKeH4TMH
874,Negative,and this is genuinely all you left me with? RhandlerR RhandlerR pic.twitter.com/X4oKeH4TMH
875,Negative,you
876,Negative,Holy shit borderlands 3 is ass.
877,Negative,Holy shit Borderlands 3 is ass.
878,Negative,Holy shit borderlands 3 is ass.
879,Negative,Holy shit borderlands 3 st ass.
880,Negative,Holy shit borderlands 3 is your ass.
881,Negative,Holy shit borderlands 3 my ass.
906,Negative,"Borderlands 3 trash but also lowkey lit, just big sads it's easy as"
907,Negative,"Borderlands 3 Trash but also Lowkey illuminated, only big Sads it is easy as"
908,Negative,"Borderlands 3 thrash but also quietly lit, just large gardens it's easy as"
909,Negative,"Borderlands 3 trash but also lowkey lit, just big and it's easy as"
910,Negative,"... Borderlands of 3 trash but also real lowkey lit, just big sads it's easy as"
911,Negative,"Borderlands 3 trash but really lowkey lit, just big and it's easy as"
966,Negative,AGAIN @Borderlands WTF   
967,Negative,AGAIN @ Borderlands WTF
968,Negative,AGAIN @ Borderlands WTF
969,Negative,AGAIN @Borderlands<unk>
970,Negative,AGAIN 2 @Borderlands WTF
971,Negative,AGAIN AND WTF
972,Negative,This cricket has been the worst hivemind of fandom I have done this more times than I would love to be better if the Tarzan level in Kingdom Hearts is as bad as Borderlands.
973,Negative,This cricket was the worst hive of fandom I've done more times than I'd like to if the Tarzan level in Kingdom Hearts was as bad as Borderlands.
974,Negative,That cricket was the worst fennel fennel I've done more times than I'd like if Tarzan's level in the Kingdom of Hearts was as bad as Borderlands's.
975,Negative,This cricket has been the worst hivemind of fandom I have said this more times than I would love to be counting if the Tarzan level in Kingdom Hearts is as strong as Borderlands.
976,Negative,This cricket has been dubbed the worst single hivemind of game fandom I have certainly done this more times more than I or would love to be better if the Tarzan level in Kingdom Hearts is as bad there as Borderlands.
977,Negative,This cricket already been the worst hivemind for fandom who have done this more times than I would love to be better if the Tarzan level in Eight Hearts is as bad with mine.
1002,Negative,@EpicGames @2K @Steam why add crossplay for @Borderlands 3 if you weren't gonna make it compatible for console? What a waste
1003,Negative,"@ EpicGames @ 2K @ Steam, why add Crossplay for @ Borderlands 3 if you wouldn't make it compatible with the console? What a waste!"
1004,Negative,@ EpicGames @ 2K @ Steam Why add a crossplay for @ Borderlands 3 if you're not going to make it compatible for the console?
1005,Negative,@EpicGames on @2K why add crossplay for @Steam 3 if you weren't planning make everything compatible for console? What a waste
1006,Negative,@EpicGames 4 @2K @Steam why not add crossplay for @Borderlands 3... if you weren't t really gonna make it compatible enough for console? What with a waste
1007,Negative,made @EpicGames @2K why add crossplay for it 3 if you weren't gonna make it compatible for console? That was horrible
1140,Negative,never again
1141,Negative,Never again
1142,Negative,Never again
1143,Negative,never happened
1144,Negative,and never again
1145,Negative,<unk> again
1170,Negative,@GearboxOfficial sooooo....when we getting that borderlands 3 xbox one x patch that fixes console shutting down???
1171,Negative,@ GearboxOfficial sooooo.... if we get that Borderlands 3 xbox an x patch that fixes console shutdown???
1172,Negative,@ GearboxOfficial sooooo.... when we getting that borderlands 3 xbox one x patch that fixes console shutting down???
1173,Negative,@GearboxOfficial sooooo....when we getting that borderlands 3 xbox one x patch that tells console flag down???
1174,Negative,@GearboxOfficial sooooo.... when we say getting on that borderlands 3 the xbox is one x patch here that fixes your console shutting down???
1175,Negative,@GearboxOfficial sooooo....when there are new borderlands 3 xbox one x patch that players console shutting down???
1242,Negative,I've experienced acid reflux before. I did not enjoy it!
1243,Negative,"I've experienced acid reflux before, which I didn't enjoy!"
1244,Negative,"I've had acid reflux before, I didn't like it!"
1245,Negative,I've experienced acid baths before. I did not enjoy it!
1246,Negative,I've experienced acid reflux this before. I did not very enjoy experiencing it!
1247,Negative,I've tried having reflux before. I did not enjoy it!
1278,Negative,Destiny is just Borderlands but shit
1279,Negative,"Destiny is just Borderlands, but shit"
1280,Negative,"Destiny is just borderland, but shit"
1281,Negative,Destiny as just Borderlands but shit
1282,Negative,Destiny Park is just Borderlands but shit
1283,Negative,Destiny is just Borderlands but I
1290,Negative,Why does my Xbox One X still shut itself off when I play Blands 3..? @GearboxOfficial @Borderlands
1291,Negative,Why does my Xbox One X still turn off when I play Blands 3? @ GearboxOfficial @ Borderlands
1292,Negative,Why does my Xbox One X still turn off when I play Blands 3..? @ GearboxOfficial @ Borderlands
1293,Negative,Why does an Xbox 360 X still shut itself off when I play Blands 3..? @GearboxOfficial @Borderlands
1294,Negative,Why does my red Xbox One X still shut itself shut off knowing when would I play Blands 3..? S @GearboxOfficial @Borderlands
1295,Negative,Why if its Xbox One X still shut itself shut when I play Blands 3..? @GearboxOfficial 3
1344,Negative,Hi I lost two hours of progress in borderlands again how is everyone
1345,Negative,"Hello, I lost another two hours of progress in Borderland, how are everyone?"
1346,Negative,"Hee, I lost two hours of progress in the border areas like everyone else"
1347,Negative,Hi I lost two hours of progress in borderlands again how is u
1348,Negative,Hi S I lost two hours of progress in southern borderlands again how is everyone
1349,Negative,Hi I lost two hours of progress in borderlands again or is it
1356,Negative,@Borderlands  
1357,Negative,@ Borderlands
1358,Negative,@ Borderlands
1359,Negative,@Borderlands
1360,Negative,F @Borderlands
1361,Negative,not
1470,Negative,"Look, I love Borderlands 3 to death, but what I want to know is WHICH MORON AT GEARBOX DESIGNED THE MALIWAN CIRCLE OF SLAUGHTER?! 10 HEAVIES AND 4 BADASS TROOPERS IN A SINGLE WAVE?! ARE YOU KIDDING ME?!"
1471,Negative,"See, I love Borderlands 3 to death, but what I want to know is WHAT MORON AT GEARBOX DESIGNET THE MALIWAN CIRCLE OF SLAUGHTER?! 10 HEAVEN AND 4 BATHROOPERS IN A WAVE?! CAN YOU MY?!"
1472,Negative,"Look, I love Borderlands 3 to death, but what I want to know is WHAT MORON ON HEARBOX IS MALIVAN CIRCLE FROM SLAUGTER?! 10 ACCIDENTS AND 4 BADASS TRUPERS IN THE WAY?!"
1473,Negative,"Look, everyone played Borderlands 3 to death, but really I want to know is WHICH MORON AT GEARBOX DESIGNED YOUR MALIWAN CIRCLE OF HIS 10<unk> AND 4 BADASS TROOPERS IN A SINGLE WAVE?! ARE YOU KIDDING ME?!"
1474,Negative,"Look, technically I love Borderlands 3 going to its death, but what I actually want to know something is WHICH IS MORON AT LA GEARBOX DESIGNED THE MALIWAN CIRCLE OF SLAUGHTER?! 10 HEAVIES AND 4 GA BADASS TROOPERS IN A Very SINGLE WHO WAVE?! ARE YOU KIDDING ME?!"
1475,Negative,"Look, girls love Borderlands 3 to death, like what people care to know that WHICH MORON AT GEARBOX DESIGNED THE L ST OF SLAUGHTER?! 16 HEAVIES AND 5 BADASS TROOPERS IN THE SINGLE WAVE?! ARE YOU KIDDING ME?!"
1524,Negative,I am so fucking stupid time to have bad dreams
1525,Negative,m so damn stupid time to have bad dreams
1526,Negative,I am so fuck stupid time to have bad dreams
1527,Negative,I had so fucking stupid time to have bad dreams
0,Positive,"im getting on borderlands and i will murder you all ,"
1,Positive,"I am coming to the borders and I will kill you all,"
2,Positive,"im getting on borderlands and i will kill you all,"
3,Positive,"im coming on borderlands and i will murder you all,"
4,Positive,"im getting on borderlands 2 and i will murder you me all,"
5,Positive,"im getting into borderlands and i can murder you all,"
6,Positive,So I spent a few hours making something for fun. . . If you don't know I am a HUGE @Borderlands fan and Maya is one of my favorite characters. So I decided to make myself a wallpaper for my PC. . Here is the original image versus the creation I made :) Enjoy! pic.twitter.com/mLsI5wf9Jg
7,Positive,"So I spent a couple of hours doing something for fun... If you don't know that I'm a huge @ Borderlands fan and Maya is one of my favorite characters, I decided to make a wallpaper for my PC.. Here's the original picture compared to the creation I made:) Have fun! pic.twitter.com / mLsI5wf9Jg"
8,Positive,So I spent a few hours doing something for fun... If you don't know I'm a HUGE @ Borderlands fan and Maya is one of my favorite characters.
9,Positive,So I spent a few hours making something for fun. . . If you don't know I am a HUGE RhandlerR fan and Maya is one of my favorite characters. So I decided to make myself a wallpaper for my PC. . Here is the original image versus the creation I made :) Enjoy! pic.twitter.com/mLsI5wf9Jg
10,Positive,2010 So I spent a few hours making something for fun. . . If you don't know I am a HUGE RhandlerR fan and Maya is one of my favorite characters. So I decided to make myself a wallpaper for my PC. . Here is the original image versus the creation I made :) Enjoy! pic.twitter.com/mLsI5wf9Jg
11,Positive,was
18,Positive,that was the first borderlands session in a long time where i actually had a really satisfying combat experience. i got some really good kills
19,Positive,this was the first Borderlands session in a long time where i actually had a really satisfying fighting experience. i got some really good kills
20,Positive,that was the first borderlands session in a long time where i actually had a really satisfying combat experience. i got some really good kills
21,Positive,that was the first borderlands session in a long time where i actually enjoyed a really satisfying combat experience. i got some rather good kills
22,Positive,that I was the first real borderlands session in a nice long wait time where i actually had a really satisfying combat experience. and i got some really good kills
23,Positive,that was the first borderlands session in a hot row where i actually had a really bad combat experience. i did some really good kills
30,Positive,WE FINISHED BORDERLANDS 3 FINALLY YAS! Thank you for hanging out everyone! It was fun. I will try to stream tomorrow but if not I might so some IRL streams while awayu. We shall see. Thank you so much for the raids @mompou_mumpow @MegaMagwitch and @KfdMitch.
31,Positive,"WE FINALLY FINALLY FIND BORDERLANDS 3 YES! Thank you all for hanging out! It was fun. I'll try to stream tomorrow, but if not, maybe some IRL streams. We'll see. Thanks for the raids @ mompou _ mumpow @ MegaMagwitch and @ KfdMitch."
32,Positive,"Thank you for hanging up everyone! It was fun. I'll try to get a haircut tomorrow, but if it wasn't for me, some IRL streams would still be in Hawaii. We'll see. Thank you so much for the @ mompou _ mumpow @ MegaMagwife and @ fendMitch raids."
33,Positive,WE FINISHED BORDERLANDS 3 UPDATE YAS! Thank you for hanging out guys! It was fun. I will try to stream and even if not I might so some IRL streams while awayu. We shall go. Thank you so much for the raids @mompou_mumpow @MegaMagwitch and Hope.
34,Positive,WE FINISHED BORDERLANDS 3 AND FINALLY YAS! Thank you everyone for hanging out everyone! It was fun. I will try to make stream tomorrow but if not I might make so some IRL streams while awayu. 10 We never shall see. Thank you both so... much for the raids @mompou_mumpow or @MegaMagwitch and 4 @KfdMitch.
35,Positive,WE FINISHED BORDERLANDS 3 FINALLY YAS! Hey you for hanging out so! It was fun. I will try that stream tomorrow and if not I might use some IRL streams from awayu. We shall see. Thank you so much how many raids @mompou_mumpow did and their.
66,Positive,Going to finish up Borderlands 2 today. I've got some new commands set up and am looking forward to a good stream! Starting in about am hour!
67,Positive,I will finish Borderlands 2 today. I have some new commands set up and am looking forward to a good stream! Start in about an hour!
68,Positive,I'm going to finish Borderlands 2 today. I have some new commands installed and I'm looking forward to a good stream!
69,Positive,Going to finish up Borderlands 2 today. I've got some new events set up and am look forward to a good stream! Starting in about 20 hour!
70,Positive,Going to finish finish cleaning up Borderlands 2 today. I've just got her some new commands set all up and am looking forward it to a good stream! Starting in about am hour!
71,Positive,Going to finish up volume 2 today. I've got some awesome server set up and is looking forward to a good stream! Starting in about am hour!
72,Positive,imma probably play some borderlands tps in a bit . that'll be fun
73,Positive,imma is probably playing a bit of borderland tps. That will be fun.
74,Positive,imma will probably play some border tps in a bit. It's going to be fun
75,Positive,imma probably play live borderlands tps in a bit. that'll be fun
76,Positive,for imma probably play some borderlands tps in a bit. that'yer ll be a fun
77,Positive,imma probably got some video tps in a bit. that'll make fun
84,Positive,FUCK YESSSSSSSS . 
85,Positive,FICK YESSSSSS.
86,Positive,FUCK YESSSSSSSS.
87,Positive,FUCK YESSSSSSSS<unk>
88,Positive,A FUCK... YESSSSSSSS.
89,Positive,FUCK YOU.
120,Positive,"Finally played through borderlands 3. The actual game play is great. Almost all guns feel fun, and I never once felt like I needed to grind. That story on the other hand.... All I will say Is that I'm very much so looking forward to the eventual cutscene skip :)"
121,Positive,"Finally played by Borderlands 3. The actual game is great. Almost all weapons feel funny, and I never felt like I had to grind. On the other hand... All I will say is that I am very much looking forward to the eventual sequence skip:)"
122,Positive,This story on the other hand.... All I will say is that I'm looking forward to an occasional slip:)
123,Positive,"Finally played through borderlands 3. The open game play is great. Almost all guns feel fun, and I never once felt like I needed to grind. The story on to another hand.... All I will say Is that I'm very much so looking forward to its eventual cutscene skip :)"
124,Positive,"Finally played through borderlands 3. The actual game I play is great. Almost all guns feel fun, and yet I never once felt much like someone I seriously needed to grind. That pretty story on the other side hand.... All I will say Is that I'm very damn much so forward looking forward to the eventual endless cutscene skip : )"
125,Positive,"Finally played through borderlands 5. The actual game play is great. Almost all guns were fun, and I never once felt sure I needed to grind. That story is the other hand.... but I will say now oh yes'm very much so looking forward to the extended cutscene skip :)"
132,Positive,Come meet one of the lovely Gaming Goddesses . 
133,Positive,Meet one of the lovely gambling goddesses.
134,Positive,Come meet one of the beautiful gods of gambling.
135,Positive,Come to one of the lovely Gaming Goddesses.
136,Positive,16 Come meet one of... the lovely Gaming Goddesses.
137,Positive,Come meet one of the lovely Green Goddesses.
150,Positive,Ok I am LOVING THIS (also playing Bombs Over Baghdad in anything gets me hype)  Very Borderlands like and the concept is A1!
151,Positive,Ok I'm LOVING THIS (also playing Bombs Over Baghdad in something gives me a hype) Very Borderlands like and the concept is A1!
152,Positive,Ok I am LOVING THIS (also playing Bombs Over Baghad in anything gets me here) Very Borderlands like and the concept is A1!
153,Positive,Ok I am LOVING THIS (also seeing Take Over Baghdad in anything gets me hype)  Very Borderlands like and the concept is awesome!
154,Positive,Ok sir I am LOVING THIS ( also just playing Bombs Over Baghdad and in case anything gets its me hype ) I Very Borderlands like and the concept is A1!
155,Positive,Ok I am LOVING THIS (also playing Bombs and Earth in anything gets me hype) Very good RPG and the concept is A1!
156,Positive,Just uninstalled all of my other games to make space for Borderlands 3 . 
157,Positive,Just uninstall all my other games to make room for Borderlands 3.
158,Positive,Just deleted all my other games to make room for Borderlands 3.
159,Positive,Just uninstalled all of my other games will make space for Borderlands 3.
160,Positive,Just uninstalled all other of my my other games to make space for watching Borderlands 3.
161,Positive,Just uninstalled all of all other games in make space for Borderlands 3.
168,Positive,Bioshock AND borderlands coming to the switch bitch count me the fuck in
169,Positive,Bioshock AND borderlands coming to the switch bitch count me the fuck in
170,Positive,Bioshock And borderlands coming to the switch bitch count me the fuck in
171,Positive,Bioshock AND borderlands coming to the desert bitch count me the fuck in
172,Positive,Bioshock Montana AND other borderlands Are coming to the switch bitch count me the fuck in
173,Positive,Bioshock AND borderlands coming after your switch bitch count me the fuck in
174,Positive,Platinum is the best loot @Borderlands  
175,Positive,Platinum is the best booty @ Borderlands
176,Positive,Platinum is the best lot @ Borderlands
177,Positive,Platinum has the best loot @Borderlands
178,Positive,Platinum Rock is named the best loot @Borderlands
179,Positive,Platinum is the best loot the
186,Positive,Jumping on stream early today! Playing some more of the Borderlands DLCs & vibing out to my new playlists I made .  come vibe. Also dropping my quality down to 720p to see if it makes any difference to how well my stream runs on my dumb internet lmao . . . twitch.tv/heyitscece_
187,Positive,Start streaming this morning! I'm still playing some of the Borderlands DLCs and vibrating to my new playlists I've made. Come vibe. I'm also lowering my quality to 720p to see if it makes a difference how well my stream runs on my stupid internet Lmao... twitch.tv / heyitscece _
188,Positive,Jon stream early today! Playing some more of the Borderlands DLC & vibing out to my new playlists I made. come vibe. Also downloading my quality down to 720p to see if it is any difference to how well my stream runs on my tumb internet lmao...
189,Positive,Jumping on stream early today! Playing some more of the Borderlands DLCs & vibing out to my new playlists I made .  come vibe. Also dropping my quality down to 720p to see if it makes any difference to how well my stream runs on my dumb internet lmao . . . twitch.tv/heyitscece_
190,Positive,the Jumping on stream early today! Playing some more of the Borderlands DLCs & vibing out to my new playlists I made .  come vibe. Also dropping my quality down to 720p to see if it makes any difference to how well my stream runs on my dumb internet lmao . . . twitch.tv/heyitscece_
191,Positive,why
204,Positive,Borderlands 2 is so good omg
205,Positive,Borderlands 2 is so good omg
206,Positive,Borderlands 2 is so good omg
207,Positive,Borderlands 2 is now good omg
208,Positive,Borderlands 2 is ever so good omg
209,Positive,Borderlands 2 is so an omg
228,Positive,I got to play Borderlands 2 with the entire polycule tonight. It was fun and magical. The the evening had to end. *sigh*.
229,Positive,"I was allowed to play Borderlands 2 tonight with all the polyphony. It was funny and magical, the evening had to end. * sigh *."
230,Positive,I had to play Borderlands 2 with all the polyslice tonight. It was fun and magical. The evening had to end. * sigh *.
231,Positive,"I got to enjoy Borderlands 2 with the entire polycule tonight. It was fun, magical. The the evening had better end. *sigh*."
232,Positive,So I got to play Borderlands part 2 with the same entire polycule tonight. It was really fun and magical. The The the evening finally had to end. * sigh *.
233,Positive,I got to play Jackson 2 with his entire polycule tonight. It was fun completely magical. The happy evening had to end. *sigh*.
240,Positive,Borderlands 3 is good so far but Borderlands 2 will always be the fav
241,Positive,"Borderlands 3 is good so far, but Borderlands 2 will always be the favorite"
242,Positive,Borderlands 3 is good so far but Borderlands 2 will always be the fav
243,Positive,Borderlands 3 is good so far but Borderlands 2 not always be the fav
244,Positive,Borderlands 3 is good so far but... Borderlands 2 certainly will always probably be the fav
245,Positive,<unk> 3 is good so far but Guardian 2 will always be the fav
246,Positive,"Finally got around to starting Borderlands 3 this weekend, and I love it already. . So well made. . . "
247,Positive,"Finally I managed to start Borderlands 3 this weekend, and I love it already... So well done..."
248,Positive,Finally got to the launch of Borderlands 3 this weekend and I'm already enjoying it... So well done...
249,Positive,"Finally got around to starting Borderlands 3 this weekend, and I loved it already.. So well loved..."
250,Positive,"Finally got around to officially starting Borderlands 3 this whole weekend, and I love it going already.. So well you made..."
251,Positive,"Finally got around to starting Borderlands 2 this weekend, and I turned it over.. So many made..."
258,Positive,What a night! I had heeps of fun playing Borderlands 2! We're getting closer and closer towards the end! . . After the stream we raided @ClocksyDraws ! What a amazing streamer with beautiful art pieces! Give him a follow if you don't already do! . . Goodnight!. .  
259,Positive,What a night! I had loads of fun playing Borderlands 2! We are getting closer and closer to the end!.. After the stream we have raided @ ClocksyDraws! What an amazing streamer with beautiful artwork! Give it a follow-up if you haven't done it yet!.. Good night!.
260,Positive,What a night! I had fun playing Borderlands 2! We're getting closer and closer to the end!... After the stream we drove through @ ClocksyDraws! What an amazing street with beautiful works of art! Let him imitate if you haven't already!.. Good night!..
261,Positive,What a night! I had heeps of fun playing Borderlands 2! We're getting closer and closer towards this end!!. Through the stream we raided @ClocksyDraws! What a amazing streamer for beautiful art pieces! Give it a follow if you don't already do!<unk>. Goodnight!..
262,Positive,But What a night! I had heeps of fun playing Borderlands 2! We'll re getting any closer... and closer just towards the end!.. After the stream we raided @ClocksyDraws! a What brilliant a amazing streamer with beautiful art pieces! Give him for a follow if you can don't already go do!.. Goodnight!..
263,Positive,of a night! I just heeps in fun playing Borderlands 2! We're getting closer and closer towards this end!.. After the stream was raided @ClocksyDraws! What a cool streamer with beautiful art pieces! Give such a follow where we don't already so!.. Goodnight!..
276,Positive,YOOOOOOOOOO i'm actually so hyped for this movie
277,Positive,YOOOOOOOOOOO I'm really so puffed up for this movie
278,Positive,YOOOOOOOOO i'm actually so hyped for this movie
279,Positive,YOOOOOOOOOO i'm currently so hyped for this movie
280,Positive,YOOOOOOOOOO when i'm not actually so hyped for all this little movie
281,Positive,YOOOOOOOOOO i'm actually so hyped for that guy
282,Positive,Bc all those games are okay this borderlands is the best of its kind
283,Positive,"Bc all these games are fine, this border country is the best of its kind."
284,Positive,BBC: All of these games are good this year and are the best of their kind.
285,Positive,Bc all those games are okay this borderlands is probably best of its kind
286,Positive,Bc all those games are okay this is borderlands... is the best region of its kind
287,Positive,think all those games are okay this borderlands is the best of its good
294,Positive,The next one is Borderlands: The Handsome Collection. You're welcome
295,Positive,Next is Borderlands: The Handsome Collection. You are welcome.
296,Positive,Next up is Borderlands: The Handsome Council.
297,Positive,The next one is Borderlands: Best Handsome Collection. You're welcome
298,Positive,The next short one is Borderlands : For The True Handsome Collection. You're welcome
299,Positive,The second one is Borderlands: The Handsome Collection. How're welcome
300,Positive,I disagree. Psycho Krieg and the Fantastic Fustercluck is a wonderful end to the borderlands 3 dlc line that focuses on a fan favorite character and gives long lasting players closure on some very big questions of Krieg’s character and memorable set pieces players interact with.
301,Positive,"Psycho Krieg and the Fantastic Fustercluck is a wonderful conclusion to the Borderlands 3 dlc line, which focuses on a fan favorite character and offers long-lasting players a conclusion on some very big issues of the character of war and memorable set pieces with which players interact."
302,Positive,"""Psycho and Ostik Fusterkluck"" is the perfect conclusion to the ""Borderlands 3"" line, which focuses on the fans ""favorite character and gives the players the opportunity to close for a long time some very important questions about's character and the memorable scenery with which the players interact."
303,Positive,I disagree. Psycho Krieg vs the Fantastic Fustercluck is a wonderful end game the borderlands 3 dlc line that focuses on a fan favorite character and gives long lasting players closure on some very big questions of primary character and memorable set character players play with.
304,Positive,I seriously disagree. The Psycho Krieg and the Very Fantastic Fustercluck story is a wonderful end to the borderlands 3 dlc book line that focuses on a fan favorite character and gives long game lasting players closure on some very big questions of both Krieg ’ s character and the memorable set in pieces players always interact with.
305,Positive,not disagree. Klaus Krieg and the Fantastic Fustercluck have a wonderful end to the borderlands 3 dlc line that focuses on this fan favorite character and gives little range satisfying closure on several very big questions of that character and memorable set pieces players interact with.
312,Positive,"This April patch + mini DLC for Borderlands 3 is amazing. The events, the new difficulty modifiers, the ramp up in gear stats, all combine to make the game fresh yet again."
313,Positive,"This April patch + mini DLC for Borderlands 3 is amazing, the events, the new difficulty modifiers, the extra gear stats make the game fresh once again."
314,Positive,The April patch + mini DLC for Borderlands 3 is amazing.
315,Positive,"This April patch + mini DLC for Borderlands 3 is amazing. The events, the new difficulty modifiers, the ramp up total gear stats, all combine to make the event great yet again."
316,Positive,"This latest April patch + mini DLC for Ultimate Borderlands Online 3 is amazing. The story events, the brand new level difficulty modifiers, the ramp to up power in gear stats, all combine to make the game fresh yet again."
317,Positive,"The April patch + mini DLC for Borderlands 3 is amazing. The events, the new difficulty modifiers, the ramp up<unk> gear stats, and combine a make my game fresh fun again."
318,Positive,"Hey guys! @Optus appears to have had an accident just as the stream was getting good! As an apology I'll be back tomorrow for MORE borderlands! Once again, big apologies, no idea what happened!  "
319,Positive,"Hi guys! @ Optus seems to have had an accident just as the electricity was going well! As an excuse I'll be back tomorrow for MORE border countries! Again, big apologies, no idea what happened!"
320,Positive,"Hey guys! @ Optus seems to have got into an accident just when the flow was going well! As an apology I'll be back tomorrow for MORE border lands! Once again, a big apology, I have no idea what happened!"
321,Positive,"Hey guys! @Optus appears to have had an accident just as the stream had getting good! As an operator will be reporting tomorrow for MORE borderlands! Once again, big apologies, no idea what happened!"
322,Positive,"Hey guys! @Optus appears to have had an accident just as the blood stream was getting as good! Now As an apology I's ll be back tomorrow for US MORE The borderlands! But Once again, big apologies, though no idea what exactly happened!"
323,Positive,"<unk> guys! @Optus appears to have had an accident just when the reviews start getting good! After an apology I'll be back tomorrow for MORE borderlands! Once again, my apologies, no idea what exactly!"
324,Positive,Big hearty congratulations to my @PlayApex @Respawn @CallofDuty @Borderlands @DestinyTheGame families on your @BAFTAGames nominations!!! Wooohoooo!!!!
325,Positive,Congratulations to my @ PlayApex @ Respawn @ CallofDuty @ Borderlands @ DestinyTheGame families on your @ BAFTAGames nominations!!! Wooohoooo!!!
326,Positive,Big heartfelt congratulations to my @ PlayApex @ Respawn @ CfDuty @ Borderlands @ DestinyTheGame on your @ BAFTAGames!!! Woooooooo!!!
327,Positive,Big special congratulations to my fellow @PlayApex @Respawn @CallofDuty @Borderlands families on your @DestinyTheGame<unk> Wooohoooo!!!!
328,Positive,Big night hearty congratulations for to having my @PlayApex campaign @Respawn project @CallofDuty @Borderlands @DestinyTheGame Distinguished families putting on your numerous @BAFTAGames Foundation nominations!!! Wooohoooo!!!!
329,Positive,Big Strong congratulations to my<unk> parents @PlayApex @Respawn adoptive families and your various nominations!!! Wooohoooo!!!!
348,Positive,best borderlands character :y pic.twitter.com/XR9P3UrsqG
349,Positive,Best border character: y pic.twitter.com / XR9P3UrsqG
350,Positive,best borderlands character: y pic.wikipedia.org / XR9P3UrsqG
351,Positive,best borderlands character :y pic.twitter.com/XR9P3UrsqG
352,Positive,see best borderlands character :y pic.twitter.com/XR9P3UrsqG
353,Positive,<unk>
354,Positive,My 4 fave games are Minecraft. Borderlands 2.Forza horizon 4. Lego star wars
355,Positive,My 4 favorite games are Minecraft. Borderlands 2.Forza Horizon 4. Lego Star Wars
356,Positive,My 4 favorite games are Minecraft. Borderlands 2.Forza h4. Lego star wars
357,Positive,My 4 fave games are Minecraft. Borderlands 2.Forza Tournament 4. Lego star wars
358,Positive,2 My favourite 4 fave games are Minecraft. Borderlands EP 2. The Forza horizon 4. Lego star wars
359,Positive,screen 4 fave titles are Minecraft. Borderlands 2.Forza horizon 4. Lego star 4
360,Positive,I feel like I accomplished something here even though in reality all I did was suffer and die . . .  
361,Positive,"I have the feeling that I have achieved something here, when in reality I have only suffered and died..."
362,Positive,"I feel like I've spilled something here, when in fact all I've done is suffer and die..."
363,Positive,I feel like I accomplished something here even though in reality all I felt was fuck and die...
364,Positive,I feel like I accomplished something here even though now in my reality seemingly all I did here was suffer and die...
365,Positive,I feel like I accomplished something beautiful and though in reality most I did was suffer and die...
390,Positive,I am here... With Samsung that is full of homeworks. Away from ps4 and Samsung that won't play fort. And have 1700... Want psycho. Will get him. I am borderlands and Overwatch fan and he is Psycho and Junkratt
391,Positive,"I'm here... with Samsung, that's full of homework. Away from PS4 and Samsung that won't continue to play. And have 1700... want Psycho. Will get him. I'm a frontier commuter and Overwatch fan and he's Psycho and Junkratt"
392,Positive,"I'm here... With Samsung, which is full of home affairs. Away from F4 and Samsung that won't play fort. And have 1700... Want psycho. Want him. I am borderlands and Overwatch fan and he is Psycho and Jratt"
393,Positive,I am here... With Samsung that is full of homeworks. Away from ps4 and Samsung that we play fort. And have 1700... Want psycho. Will get paid. I am borderlands and Overwatch s and he is Psycho... Awesome
394,Positive,Now I am happy here... With Samsung that is full lots of homeworks. Be Away from ps4 and of Samsung that is won't the play fort. And have the 1700... Want psycho. Will get him. I am borderlands and Overwatch and fan and he said is Psycho and Junkratt
395,Positive,I am here... and Samsung like is full fucking homeworks. Phone from ps4 and Samsung that has't play fort. will have 1700... Want psycho. Will have me. I am borderlands and Overwatch fan and this is Psycho and Junkratt
396,Positive,As amazing as this is.... It's been out for MONTHS.... . Please.. . PLEASE.. . Tell us about the Ascension Bluff DOOR.. . It's been A YEAR.
397,Positive,s been out for months.... Please... PLEASE... Tell us about the Ascension Bluff Door... It has been a YEAR.
398,Positive,As amazing as it may be... It was for MONTHS... Please... PLEASE... Tell us about the Ascension of the Bluff Door... It has been a YEAR.
399,Positive,As amazing of this is.... This been out for MONTHS....... PLEASE... Tell us about the Ascension Bluff DOOR... It's been A YEAR.
400,Positive,As extremely amazing that as this is.... 3 It's been out preparing for some MONTHS..... Please... We PLEASE... Tell us about the Ascension Base Bluff Station DOOR... 2 It's really been A YEAR.
401,Positive,As amazing saying That is.... It's also happening for MONTHS.....<unk>... PLEASE... Tell us about the Last Bluff here... It's FOR A YEAR.
408,Positive,"Perfect casting for Lilith, most anticipated film"
409,Positive,"Perfect casting for Lilith, the most anticipated film"
410,Positive,"Great casting for ""Lilit,"" the most anticipated film"
411,Positive,"Perfect casting powers Lilith, most anticipated film"
412,Positive,"Perfect casting for first Lilith, most anticipated film"
413,Positive,"Perfect Time for Lilith, most anticipated film"
444,Positive,"Just officiated a gay wedding in Borderlands 3, feeling powerful rn."
445,Positive,I just celebrated a gay wedding in Borderlands 3 and felt powerful.
446,Positive,"Just played a gay wedding in Borderlands 3, feeling powerful."
447,Positive,"Just officiated a gay wedding in Borderlands 3, the powerful rn."
448,Positive,"Just officiated a gay fan wedding in WWE Borderlands Episode 3, feeling powerful rn."
449,Positive,"once officiated a gay wedding in Borderlands 3, as powerful rn."
450,Positive,Loving the new DLC!!!. @Borderlands @DuvalMagic @GearboxOfficial pic.twitter.com/PKZJxlGXLj
451,Positive,I love the new DLC!!!. @ Borderlands @ DuvalMagic @ GearboxOfficial pic.twitter.com / PKZJxlGXLj
452,Positive,Catching the new DLC!!!. @ Borderlands @ DuvalMagic @ GearboxOfficial pic.fm / PKZJxlGXLj
453,Positive,Loving the new DLC!!!. RhandlerR RhandlerR RhandlerR pic.twitter.com/PKZJxlGXLj
454,Positive,F Loving the new DLC!!!. RhandlerR RhandlerR RhandlerR pic.twitter.com/PKZJxlGXLj
455,Positive,one
462,Positive,Lil preview of a Maya drawing I've been chipping away at! Been sinking a lot of time into Borderlands in my off hours lately pic.twitter.com/1nYE0S5cMe
463,Positive,"Lil preview of a Mayan drawing I've been working on! Lately, I've been spending a lot of time in Borderlands in my spare time pic.twitter.com / 1nYE0S5cMe"
464,Positive,Lil preview of a Maya drawing I've been chiming away at! Been sinking a lot of time into Borderlands in my offer hours late pic.facebook.com / 1nYE0S5cMe
465,Positive,Lil preview of a Maya drawing I've been chipping away at! Been sinking a lot of time into Borderlands in my off hours lately pic.twitter.com/1nYE0S5cMe
466,Positive,C Lil preview of a Maya drawing I've been chipping away at! Been sinking a lot of time into Borderlands in my off hours lately pic.twitter.com/1nYE0S5cMe
467,Positive,can
480,Positive,Have u played borderlands 3? Pretty fun imo. Anyways whateves pic.twitter.com/Uoute82ADo
481,Positive,Have u played Borderlands 3? Pretty fun imo. Anyway whateves pic.twitter.com / Uoute82ADo
482,Positive,Have u played borderlands 3? Pretty fun imo. Anyways whatsoever pic.facebook.com / Uoute82ADo
483,Positive,Have u played borderlands 3? Pretty fun imo. Anyways whateves pic.twitter.com/Uoute82ADo
484,Positive,TV Have u played borderlands 3? Pretty fun imo. Anyways whateves pic.twitter.com/Uoute82ADo
485,Positive,of
504,Positive,"Just started playing Borderlands 3: guns, love, and tentacles only to hear the voice of half of my favorite youtube channel @GameGrumps . Hell yeah @egoraptor , forever apart of one of the best @GearboxOfficial games as a creepy ass character."
505,Positive,"I just started playing Borderlands 3: weapons, love and tentacles, just to hear the voice of half of my favorite channel @ GameGrumps. Hell yeah @ egoraptor, forever separated from one of the best @ GearboxOfficial games as a creepy ass character."
506,Positive,"Just started playing Borderlands 3: Weapons, Love, and Tentacles just to hear the voice of half of my favorite YouTube channel @ GameGrup."
507,Positive,"Just started playing Borderlands 3: guns, love, and tentacles wanting to lose the voices of half of another favorite youtube channel @GameGrumps. Hell yeah @egoraptor, forever apart of one of the best @GearboxOfficial games as a creepy ass cartoon."
508,Positive,"He Just started off playing it Borderlands Season 3 : with guns, love, and tentacles only later to hear the voice of my half of my favorite youtube channel @GameGrumps. Hell yeah @egoraptor, forever apart because of one of the best @GearboxOfficial with games plays as a creepy ass character."
509,Positive,"Just started playing Borderlands 3: guns, love, bad tentacles again and hear a voice of half of an old music channel @GameGrumps. Hell yeah @egoraptor, the apart of one of the best @GearboxOfficial games as a creepy ass demon."
510,Positive,I know it doesnt look like much but borderlands is my favorite game!!! Thank you @SmilingOcean_ pic.twitter.com/X3dyPtNALD
511,Positive,"I know it doesn't look like much, but Borderlands is my favorite game!!! Thank you @ SmilingOcean _ pic.twitter.com / X3dyPtNALD"
512,Positive,I know it doesn't look like much but borderlands is my favorite game!!! Thank you @ SmilingOcean _ pic.it / X3dyPtNALD
513,Positive,I know it doesnt look like much but borderlands is my favorite game!!! Thank you RhandlerR pic.twitter.com/X3dyPtNALD
514,Positive,N I know it doesnt look like much but borderlands is my favorite game!!! Thank you RhandlerR pic.twitter.com/X3dyPtNALD
515,Positive,It
534,Positive,We've been playing a lot of Borderlands 2 on  . . Also gotta love this stunning cosplay by Kunaii Cosplay! instagram.com/xxkunaiixx/ https://t.co/GiWX2aqtUy
535,Positive,We played a lot of Borderlands 2... Also I must love this stunning cosplay from Kunaii Cosplay! instagram.com / xxkunaiixx / https: / / t.co / GiWX2aqtUy
536,Positive,We've been playing a lot of Borderlands 2 on.. Also global love this stunning cosplay by Kunaii Cosplay! instagram.com / xxxaiii.com / https: / / Fenco / GiWX2aqtUy
537,Positive,We've been playing a lot of Borderlands 2 on .. Also gotta save this monkey cosplay on Fox Cosplay! instagram.com/xxkunaiixx/ https://t.co/GiWX2aqtUy]
538,Positive,We've been over playing a lot thinking of Borderlands using 2 tracks on.. x Also your gotta love read this stunning little cosplay by Kunaii Cosplay! to instagram. com / xxkunaiixx / https://t.co/GiWX2aqtUy ]
539,Positive,We've been playing this blast of Borderlands music on.. Also gotta see this face cosplay • Kunaii Jackson! instagram.com/xxkunaiixx/ https://t.co/GiWX2aqtUy]
546,Positive,@Borderlands @DuvalMagic @GearboxOfficial I just wanted to say a huge thank you to all of you who worked and are working on borderlands and gearbox you’ve been crushing it enven more than before covid knowing how it must have been difficult so THANK YOU. 
547,Positive,"@ Borderlands @ DuvalMagic @ GearboxOfficial I just wanted to say a huge thank you to all of you who have worked and continue to work on Borderlands and Gears, you crushed it more than ever before because you know how difficult it must have been, so THANK YOU."
548,Positive,@ Borderlands @ DuvalMagic @ GearboxOfficial I just wanted to say a huge thank you to all of you who have worked and are working on borderlands and gearbox you were broken more than ever before.
549,Positive,@Borderlands @DuvalMagic … I just wanted too say a huge thank you for all of them who worked and are working on borderlands and gearbox you’ve been crushing it enven more than before covid knowing how it must have been difficult so THANK IT.
550,Positive,@Borderlands... @DuvalMagic... @GearboxOfficial I just wanted to say saying a good huge thank you to all those of you who worked and are working on borderlands wheels and gearbox you ’ ve been crushing it enven more than months before covid knowing now how it all must have been real difficult so THANK YOU.
551,Positive,of @Borderlands @DuvalMagic I just gotta go offer one huge thank of to all of you who worked and are working on borderlands and gearbox you’ve been crushing here enven more than before totally understand how it must have been difficult so THANK YOU.
594,Positive,IM SO FUCKING EXCITED
595,Positive,IN THE SO FICKING EXCELLENT
596,Positive,The Proton-M launch vehicle that disappeared from the face of the Earth
597,Positive,IM SO FUCKING IN
598,Positive,IM AT SO GO FUCKING EXCITED
599,Positive,IM SO WHAT EXCITED
600,Positive,Well this is certainly a development.
601,Positive,"Well, that's certainly a development."
602,Positive,"Well, that's development, of course."
603,Positive,Well this is certainly a question.
